Complexity,Loss,Equation
1,2.7347313222141936,"0.0517455219441011"
2,2.0768947304403396,"cos(x4)"
4,1.6807845192335915,"cos(x4 / 0.6536093550648999)"
5,0.9582632419952306,"(cos(x4) - cos(x1))"
11,0.9353222618962137,"(cos(x4) - cos((x3 * 0.8048579656405714) - (x3 - x1)))"
13,0.7693473151678596,"(cos(x4) - cos((x3 * 1.2534369588756231) - ((x3 - x1) * 1.3740506844950824)))"
17,0.7018260504740064,"(exp(cos(x4) - cos(x3 - (x3 - x1))) - cos(x3 - (x3 + x1)))"
